{"mse": 28.22513063658137, "r2": 0.7720382165407982, "accuracy": 0.7720382165407982}